{ "height":12,
 "layers":[
        {
         "data":[1, 2, 2, 2, 2, 2, 2, 2, 2, 21, 2, 2, 2, 2, 2, 2, 2, 2, 3, 8, 36, 36, 36, 36, 36, 36, 36, 36, 21, 36, 36, 36, 36, 36, 36, 36, 36, 10, 8, 37, 2, 2, 36, 2, 2, 2, 36, 2, 36, 2, 2, 2, 36, 2, 2, 37, 10, 8, 36, 36, 36, 36, 36, 36, 36, 36, 36, 36, 36, 36, 36, 36, 36, 36, 36, 10, 15, 16, 16, 36, 16, 16, 36, 2, 2, 21, 2, 2, 36, 16, 16, 36, 16, 16, 17, 2, 2, 2, 36, 21, 8, 36, 36, 36, 21, 36, 36, 36, 21, 21, 36, 2, 2, 2, 12, 12, 12, 36, 2, 2, 2, 2, 36, 2, 36, 2, 2, 2, 2, 36, 12, 12, 12, 21, 2, 2, 36, 36, 36, 36, 36, 36, 36, 36, 36, 36, 36, 36, 36, 2, 2, 3, 8, 36, 36, 36, 1, 2, 3, 36, 8, 12, 10, 36, 1, 2, 3, 36, 36, 36, 21, 8, 37, 2, 36, 8, 36, 10, 36, 8, 12, 10, 36, 8, 36, 10, 36, 2, 37, 21, 8, 36, 36, 36, 36, 36, 36, 36, 15, 19, 17, 36, 36, 36, 36, 36, 36, 36, 21, 21, 16, 16, 16, 16, 16, 16, 16, 21, 21, 21, 16, 16, 16, 16, 16, 16, 16, 21],
         "height":12,
         "name":"Ground",
         "opacity":1,
         "type":"tilelayer",
         "visible":true,
         "width":19,
         "x":0,
         "y":0
        }, 
        {
         "data":[0, 0, 0, 0, 0, 0, 0, 0, 0, 0, 0, 0, 0, 0, 0, 0, 0, 0, 0, 0, 36, 36, 36, 36, 36, 36, 36, 36, 0, 36, 36, 36, 36, 36, 36, 36, 36, 0, 0, 37, 0, 0, 36, 0, 0, 0, 36, 0, 36, 0, 0, 0, 36, 0, 0, 37, 0, 0, 36, 36, 36, 36, 36, 36, 36, 36, 36, 36, 36, 36, 36, 36, 36, 36, 36, 0, 0, 0, 0, 36, 0, 0, 36, 0, 0, 0, 0, 0, 36, 0, 0, 36, 0, 0, 0, 0, 0, 0, 36, 0, 0, 36, 36, 36, 0, 36, 36, 36, 0, 0, 36, 0, 0, 0, 12, 12, 12, 36, 0, 0, 0, 0, 36, 0, 36, 0, 0, 0, 0, 36, 12, 12, 12, 0, 0, 0, 36, 36, 36, 36, 36, 36, 36, 36, 36, 36, 36, 36, 36, 0, 0, 0, 0, 36, 36, 36, 0, 0, 0, 36, 0, 36, 0, 36, 0, 0, 0, 36, 36, 36, 0, 0, 37, 0, 36, 0, 36, 0, 36, 0, 36, 0, 36, 0, 36, 0, 36, 0, 37, 0, 0, 36, 36, 36, 36, 36, 36, 36, 0, 36, 0, 36, 36, 36, 36, 36, 0, 36, 0, 0, 0, 0, 0, 0, 0, 0, 0, 0, 0, 0, 0, 0, 0, 0, 0, 0, 0, 0],
         "height":12,
         "name":"Steaks",
         "opacity":1,
         "type":"tilelayer",
         "visible":false,
         "width":19,
         "x":0,
         "y":0
        }],
 "nextobjectid":1,
 "orientation":"orthogonal",
 "properties":
    {
     "EnemyStartX":"9",
     "EnemyStartY":"10",
     "PlayerStartX":"9",
     "PlayerStartY":"3"
    },
 "renderorder":"right-down",
 "tileheight":64,
 "tilesets":[
        {
         "firstgid":1,
         "image":"..\/tilesets\/iowaTiles.png",
         "imageheight":394,
         "imagewidth":460,
         "margin":0,
         "name":"IowaTiles",
         "properties":
            {

            },
         "spacing":2,
         "tilecount":42,
         "tileheight":64,
         "tilewidth":64
        }],
 "tilewidth":64,
 "version":1,
 "width":19
}