{ "height":12,
 "layers":[
        {
         "data":[21, 21, 21, 21, 21, 21, 21, 21, 21, 21, 21, 21, 21, 21, 21, 21, 21, 21, 21, 21, 12, 12, 12, 12, 12, 12, 12, 12, 21, 12, 12, 12, 12, 12, 12, 12, 12, 21, 21, 37, 21, 21, 12, 21, 21, 21, 12, 21, 12, 21, 21, 21, 12, 21, 21, 12, 21, 21, 36, 36, 12, 12, 12, 12, 12, 12, 12, 12, 12, 12, 12, 12, 12, 12, 12, 21, 21, 21, 21, 36, 21, 21, 12, 21, 21, 21, 21, 21, 12, 21, 21, 12, 21, 21, 21, 21, 21, 21, 36, 21, 21, 12, 12, 12, 21, 12, 12, 12, 21, 21, 12, 21, 21, 21, 12, 12, 12, 12, 12, 21, 21, 21, 12, 21, 12, 21, 21, 21, 21, 12, 12, 12, 12, 21, 21, 21, 12, 12, 12, 12, 12, 12, 12, 12, 12, 12, 12, 12, 12, 21, 21, 21, 21, 12, 12, 12, 21, 21, 21, 12, 8, 24, 10, 12, 21, 21, 21, 12, 12, 12, 21, 21, 37, 21, 12, 21, 12, 21, 12, 21, 12, 21, 12, 21, 12, 21, 12, 21, 37, 21, 21, 12, 12, 12, 12, 12, 12, 12, 21, 12, 21, 12, 12, 12, 12, 12, 12, 12, 21, 21, 21, 21, 21, 21, 21, 21, 21, 21, 21, 21, 21, 21, 21, 21, 21, 21, 21, 21],
         "height":12,
         "name":"Iowa",
         "opacity":1,
         "type":"tilelayer",
         "visible":true,
         "width":19,
         "x":0,
         "y":0
        }],
 "nextobjectid":1,
 "orientation":"orthogonal",
 "properties":
    {

    },
 "renderorder":"right-down",
 "tileheight":64,
 "tilesets":[
        {
         "firstgid":1,
         "image":"..\/tilesets\/iowaTiles.png",
         "imageheight":394,
         "imagewidth":460,
         "margin":0,
         "name":"IowaTiles",
         "properties":
            {

            },
         "spacing":2,
         "tilecount":42,
         "tileheight":64,
         "tilewidth":64
        }],
 "tilewidth":64,
 "version":1,
 "width":19
}